<?xml version="1.0" encoding="UTF-8"?>
<!-- IMPORTANT: This is an internal file that has been generated
     by the Xilinx ISE software.  Any direct editing or
     changes made to this file may result in unpredictable
     behavior or data corruption.  It is strongly advised that
     users do not edit the contents of this file. -->
<DeviceUsageSummary rev="2">
<DesignStatistics TimeStamp="Wed Mar 15 17:18:27 2017"><group name="NetStatistics">
<item name="NumNets_Active" rev="2">
<attrib name="value" value="14"/></item>
<item name="NumNodesOfType_Active_DOUBLE" rev="2">
<attrib name="value" value="21"/></item>
<item name="NumNodesOfType_Active_DUMMY" rev="2">
<attrib name="value" value="10"/></item>
<item name="NumNodesOfType_Active_DUMMYESC" rev="2">
<attrib name="value" value="4"/></item>
<item name="NumNodesOfType_Active_HUNIHEX" rev="2">
<attrib name="value" value="2"/></item>
<item name="NumNodesOfType_Active_INPUT" rev="2">
<attrib name="value" value="13"/></item>
<item name="NumNodesOfType_Active_IOBOUTPUT" rev="2">
<attrib name="value" value="4"/></item>
<item name="NumNodesOfType_Active_OUTPUT" rev="2">
<attrib name="value" value="3"/></item>
<item name="NumNodesOfType_Active_PREBXBY" rev="2">
<attrib name="value" value="1"/></item>
<item name="NumNodesOfType_Active_VFULLHEX" rev="2">
<attrib name="value" value="5"/></item>
<item name="NumNodesOfType_Active_VUNIHEX" rev="2">
<attrib name="value" value="11"/></item>
</group>
<group name="SiteStatistics">
<item name="IOB-DIFFM" rev="2">
<attrib name="value" value="2"/></item>
<item name="IOB-DIFFS" rev="2">
<attrib name="value" value="1"/></item>
</group>
<group name="MiscellaneousStatistics">
<item name="AGG_BONDED_IO" rev="1">
<attrib name="value" value="7"/></item>
<item name="AGG_IO" rev="1">
<attrib name="value" value="7"/></item>
<item name="AGG_SLICE" rev="1">
<attrib name="value" value="2"/></item>
<item name="NUM_4_INPUT_LUT" rev="1">
<attrib name="value" value="3"/></item>
<item name="NUM_BONDED_IBUF" rev="1">
<attrib name="value" value="4"/></item>
<item name="NUM_BONDED_IOB" rev="1">
<attrib name="value" value="3"/></item>
<item name="NUM_SLICEL" rev="1">
<attrib name="value" value="2"/></item>
</group>
</DesignStatistics>
<DeviceUsage TimeStamp="Wed Mar 15 17:18:27 2017"><group name="SiteSummary">
<item name="IBUF" rev="2">
<attrib name="total" value="1000000"/><attrib name="used" value="4"/></item>
<item name="IBUF_INBUF" rev="2">
<attrib name="total" value="1000000"/><attrib name="used" value="4"/></item>
<item name="IBUF_PAD" rev="2">
<attrib name="total" value="1000000"/><attrib name="used" value="4"/></item>
<item name="IOB" rev="2">
<attrib name="total" value="1000000"/><attrib name="used" value="3"/></item>
<item name="IOB_OUTBUF" rev="2">
<attrib name="total" value="1000000"/><attrib name="used" value="3"/></item>
<item name="IOB_PAD" rev="2">
<attrib name="total" value="1000000"/><attrib name="used" value="3"/></item>
<item name="SLICEL" rev="2">
<attrib name="total" value="1000000"/><attrib name="used" value="2"/></item>
<item name="SLICEL_F" rev="2">
<attrib name="total" value="1000000"/><attrib name="used" value="1"/></item>
<item name="SLICEL_G" rev="2">
<attrib name="total" value="1000000"/><attrib name="used" value="2"/></item>
</group>
</DeviceUsage>
<ReportConfigData TimeStamp="Wed Mar 15 17:18:27 2017"><group name="IBUF_PAD">
<item name="IOATTRBOX" rev="2">
<attrib name="LVCMOS25" value="4"/></item>
</group>
<group name="IOB_OUTBUF">
<item name="IN" rev="2">
<attrib name="IN_INV" value="0"/><attrib name="IN" value="3"/></item>
</group>
<group name="IOB_PAD">
<item name="DRIVEATTRBOX" rev="2">
<attrib name="12" value="3"/></item>
<item name="IOATTRBOX" rev="2">
<attrib name="LVCMOS25" value="3"/></item>
<item name="SLEW" rev="2">
<attrib name="SLOW" value="3"/></item>
</group>
<group name="IOB">
<item name="O1" rev="2">
<attrib name="O1_INV" value="0"/><attrib name="O1" value="3"/></item>
</group>
</ReportConfigData>
<ReportPinData TimeStamp="Wed Mar 15 17:18:27 2017"><group name="IBUF_PAD">
<item name="PAD" rev="2">
<attrib name="value" value="4"/></item>
</group>
<group name="IBUF_INBUF">
<item name="IN" rev="2">
<attrib name="value" value="4"/></item>
<item name="OUT" rev="2">
<attrib name="value" value="4"/></item>
</group>
<group name="SLICEL">
<item name="F1" rev="2">
<attrib name="value" value="1"/></item>
<item name="F2" rev="2">
<attrib name="value" value="1"/></item>
<item name="F3" rev="2">
<attrib name="value" value="1"/></item>
<item name="F4" rev="2">
<attrib name="value" value="1"/></item>
<item name="G1" rev="2">
<attrib name="value" value="2"/></item>
<item name="G2" rev="2">
<attrib name="value" value="2"/></item>
<item name="G3" rev="2">
<attrib name="value" value="1"/></item>
<item name="G4" rev="2">
<attrib name="value" value="1"/></item>
<item name="X" rev="2">
<attrib name="value" value="1"/></item>
<item name="Y" rev="2">
<attrib name="value" value="2"/></item>
</group>
<group name="IOB_OUTBUF">
<item name="IN" rev="2">
<attrib name="value" value="3"/></item>
<item name="OUT" rev="2">
<attrib name="value" value="3"/></item>
</group>
<group name="IBUF">
<item name="I" rev="2">
<attrib name="value" value="4"/></item>
<item name="PAD" rev="2">
<attrib name="value" value="4"/></item>
</group>
<group name="IOB_PAD">
<item name="PAD" rev="2">
<attrib name="value" value="3"/></item>
</group>
<group name="IOB">
<item name="O1" rev="2">
<attrib name="value" value="3"/></item>
<item name="PAD" rev="2">
<attrib name="value" value="3"/></item>
</group>
<group name="SLICEL_F">
<item name="A1" rev="2">
<attrib name="value" value="1"/></item>
<item name="A2" rev="2">
<attrib name="value" value="1"/></item>
<item name="A3" rev="2">
<attrib name="value" value="1"/></item>
<item name="A4" rev="2">
<attrib name="value" value="1"/></item>
<item name="D" rev="2">
<attrib name="value" value="1"/></item>
</group>
<group name="SLICEL_G">
<item name="A1" rev="2">
<attrib name="value" value="2"/></item>
<item name="A2" rev="2">
<attrib name="value" value="2"/></item>
<item name="A3" rev="2">
<attrib name="value" value="1"/></item>
<item name="A4" rev="2">
<attrib name="value" value="1"/></item>
<item name="D" rev="2">
<attrib name="value" value="2"/></item>
</group>
</ReportPinData>
<CmdHistory>
</CmdHistory>
</DeviceUsageSummary>
